<?xml version="1.0"?>
<data grt_format="2.0">
  <value _ptr_="04511728" type="list" content-type="object" content-struct-name="db.mgmt.Connection">
    <value type="object" struct-name="db.mgmt.Connection" id="{ABBD99A1-E657-4A98-BF5C-5D5147159BBD}" struct-checksum="0x96ba47d8">
      <link type="object" struct-name="db.mgmt.Driver" key="driver">com.mysql.rdbms.mysql.driver.native</link>
      <value type="string" key="hostIdentifier">Mysql@127.0.0.1:3306</value>
      <value type="int" key="isDefault">1</value>
      <value _ptr_="07E13AA0" type="dict" key="modules"/>
      <value _ptr_="07E13CA0" type="dict" key="parameterValues">
        <value type="string" key=""></value>
        <value type="string" key="DbSqlEditor:LastDefaultSchema"></value>
        <value type="string" key="SQL_MODE"></value>
        <value type="string" key="hostName">127.0.0.1</value>
        <value type="int" key="lastConnected">1527798486</value>
        <value type="string" key="password"></value>
        <value type="int" key="port">3306</value>
        <value type="string" key="schema"></value>
        <value type="string" key="serverVersion">5.7.22-log</value>
        <value type="string" key="sslCA"></value>
        <value type="string" key="sslCert"></value>
        <value type="string" key="sslCipher"></value>
        <value type="string" key="sslKey"></value>
        <value type="int" key="useSSL">1</value>
        <value type="string" key="userName">root</value>
      </value>
      <value type="string" key="name">Laburo local</value>
      <link type="object" struct-name="GrtObject" key="owner">{CE55A31C-09AD-4D0E-9DC8-E9B3150A429B}</link>
    </value>
    <value type="object" struct-name="db.mgmt.Connection" id="{4D60E109-28B2-4B71-8506-E66E8109627F}" struct-checksum="0x96ba47d8">
      <link type="object" struct-name="db.mgmt.Driver" key="driver">com.mysql.rdbms.mysql.driver.native</link>
      <value type="string" key="hostIdentifier">Mysql@sql10.freemysqlhosting.net:3306</value>
      <value type="int" key="isDefault">0</value>
      <value _ptr_="07E13CE0" type="dict" key="modules"/>
      <value _ptr_="07E13E20" type="dict" key="parameterValues">
        <value type="string" key="DbSqlEditor:LastDefaultSchema">sql10240625</value>
        <value type="string" key="SQL_MODE"></value>
        <value type="string" key="hostName">sql10.freemysqlhosting.net</value>
        <value type="int" key="lastConnected">1527890992</value>
        <value type="string" key="password"></value>
        <value type="int" key="port">3306</value>
        <value type="string" key="schema"></value>
        <value type="string" key="serverVersion">5.5.58-0ubuntu0.14.04.1</value>
        <value type="string" key="sslCA"></value>
        <value type="string" key="sslCert"></value>
        <value type="string" key="sslCipher"></value>
        <value type="string" key="sslKey"></value>
        <value type="int" key="useSSL">1</value>
        <value type="string" key="userName">sql10240625</value>
      </value>
      <value type="string" key="name">sda111mil</value>
      <link type="object" struct-name="GrtObject" key="owner">{CE55A31C-09AD-4D0E-9DC8-E9B3150A429B}</link>
    </value>
  </value>
</data>
