<?xml version="1.0"?>
<data grt_format="2.0">
  <value _ptr_="045114A0" type="list" content-type="object" content-struct-name="db.mgmt.ServerInstance">
    <value type="object" struct-name="db.mgmt.ServerInstance" id="{FA1CED20-B77E-4F14-AEA2-DBCFB438602D}" struct-checksum="0x367436e2">
      <link type="object" struct-name="db.mgmt.Connection" key="connection">{ABBD99A1-E657-4A98-BF5C-5D5147159BBD}</link>
      <value _ptr_="07E13EE0" type="dict" key="loginInfo">
        <value type="string" key="wmi.hostName"></value>
        <value type="string" key="wmi.userName"></value>
      </value>
      <value _ptr_="07E13F20" type="dict" key="serverInfo">
        <value type="string" key="basedir">C:\Program Files\MySQL\MySQL Server 5.7\</value>
        <value type="string" key="datadir">C:\ProgramData\MySQL\MySQL Server 5.7\Data\</value>
        <value type="string" key="detected_os_name">Windows 7 Ultimate</value>
        <value type="string" key="detected_os_type">windows</value>
        <value type="string" key="detected_os_variant">Windows</value>
        <value type="string" key="detected_os_version"></value>
        <value type="string" key="errorLogFilePath">PLAGA.err</value>
        <value type="string" key="generalLogFilePath">PLAGA.log</value>
        <value type="string" key="logOutput">FILE</value>
        <value type="string" key="serverVersion">5.7.22-log</value>
        <value type="int" key="setupPending">0</value>
        <value type="int" key="slowLogEnabled">1</value>
        <value type="string" key="slowLogFilePath">PLAGA-slow.log</value>
        <value type="string" key="sys.config.path">C:\ProgramData\MySQL\MySQL Server 5.7\my.ini</value>
        <value type="int" key="sys.config.path.lock">1</value>
        <value type="string" key="sys.config.section">mysqld</value>
        <value type="string" key="sys.mysqld.service_name">MySQL57</value>
        <value type="string" key="sys.preset">Custom</value>
        <value type="string" key="sys.sudo"></value>
        <value type="string" key="sys.system">Windows</value>
        <value type="int" key="sys.usesudo">1</value>
        <value type="int" key="sys.usesudostatus">0</value>
        <value type="int" key="windowsAdmin">1</value>
      </value>
      <value type="string" key="name">Laburo local</value>
    </value>
    <value type="object" struct-name="db.mgmt.ServerInstance" id="{13F1DA1C-54F4-45BB-A001-3E113DEBD37C}" struct-checksum="0x367436e2">
      <link type="object" struct-name="db.mgmt.Connection" key="connection">{ABBD99A1-E657-4A98-BF5C-5D5147159BBD}</link>
      <value _ptr_="07E13F60" type="dict" key="loginInfo">
        <value type="string" key="wmi.hostName"></value>
        <value type="string" key="wmi.userName"></value>
      </value>
      <value _ptr_="07E13FA0" type="dict" key="serverInfo">
        <value type="int" key="setupPending">1</value>
        <value type="string" key="sys.config.path">C:\ProgramData\MySQL\MySQL Server 5.7\my.ini</value>
        <value type="int" key="sys.config.path.lock">1</value>
        <value type="string" key="sys.config.section">mysqld</value>
        <value type="string" key="sys.mysqld.service_name">MySQL57</value>
        <value type="string" key="sys.preset">Custom</value>
        <value type="string" key="sys.system">Windows</value>
        <value type="int" key="windowsAdmin">1</value>
      </value>
      <value type="string" key="name">Local MySQL57</value>
    </value>
    <value type="object" struct-name="db.mgmt.ServerInstance" id="{FBCA7CE8-16CF-4924-A297-087B0FB03457}" struct-checksum="0x367436e2">
      <link type="object" struct-name="db.mgmt.Connection" key="connection">{4D60E109-28B2-4B71-8506-E66E8109627F}</link>
      <value _ptr_="07E13FE0" type="dict" key="loginInfo"/>
      <value _ptr_="07E14020" type="dict" key="serverInfo">
        <value type="string" key="serverVersion">5.5.58-0ubuntu0.14.04.1</value>
        <value type="int" key="setupPending">1</value>
      </value>
      <value type="string" key="name">sda111mil</value>
    </value>
    <value type="object" struct-name="db.mgmt.ServerInstance" id="{7AFEC50C-8A1E-4A99-858F-732F6F93A30F}" struct-checksum="0x367436e2">
      <link type="object" struct-name="db.mgmt.Connection" key="connection">{D6C7DC03-9EE1-4E27-A738-DAEFFF4AAAF7}</link>
      <value _ptr_="0E5783C8" type="dict" key="loginInfo">
        <value type="string" key="ssh.hostName"></value>
        <value type="string" key="ssh.key">C:\Users\plaga\AppData\Roaming/.ssh/ssh_private_key</value>
        <value type="string" key="ssh.localPort">3306</value>
        <value type="int" key="ssh.useKey">0</value>
        <value type="string" key="ssh.userName">mysql</value>
      </value>
      <value _ptr_="0E578408" type="dict" key="serverInfo">
        <value type="string" key="serverVersion">5.7</value>
        <value type="int" key="setupPending">1</value>
        <value type="string" key="sys.config.path">%ProgramData%\MySQL\MySQL Server 5.7\my.ini</value>
        <value type="string" key="sys.config.section">mysqld</value>
        <value type="string" key="sys.mysqld.service_name">MySQL57</value>
        <value type="string" key="sys.mysqld.start">sc start mysql</value>
        <value type="string" key="sys.mysqld.stop">sc stop mysql</value>
        <value type="string" key="sys.system">Windows</value>
        <value type="int" key="sys.usesudo">1</value>
        <value type="int" key="windowsAdmin">1</value>
      </value>
      <value type="string" key="name"></value>
      <link type="object" struct-name="GrtObject" key="owner">{CE55A31C-09AD-4D0E-9DC8-E9B3150A429B}</link>
    </value>
  </value>
</data>
